dataset,arch_id,device,arch_name,arch_str,base_channels,num_cells,num_classes,op_count_avg_pool_3x3,op_count_nor_conv_1x1,op_count_nor_conv_3x3,op_count_skip_connect,op_count_none,actual_latency,predicted_latency,error,absolute_error,absolute_percentage_error,prediction_direction,conv_3x3_group
cifar10,13896,raspi4,infer.tiny,|none~0|+|none~0|nor_conv_3x3~1|+|none~0|nor_conv_3x3~1|nor_conv_3x3~2|,16,5,10,0,0,3,0,3,1.2278334000438915,39.70353990299294,38.475706502949045,38.475706502949045,3133.625987171684,overestimated,3-4
cifar10,320,raspi4,infer.tiny,|nor_conv_1x1~0|+|nor_conv_3x3~0|nor_conv_3x3~1|+|nor_conv_1x1~0|avg_pool_3x3~1|none~2|,16,5,10,1,2,2,0,1,10.027026320021832,40.70844106175567,30.68141474173384,30.68141474173384,305.9871766813816,overestimated,1-2
cifar10,9922,raspi4,infer.tiny,|nor_conv_3x3~0|+|avg_pool_3x3~0|nor_conv_3x3~1|+|skip_connect~0|none~1|none~2|,16,5,10,1,0,2,1,2,2.8070089599350467,33.43151278022903,30.62450382029398,30.62450382029398,1091.0012849051477,overestimated,1-2
cifar10,5756,raspi4,infer.tiny,|avg_pool_3x3~0|+|nor_conv_3x3~0|nor_conv_3x3~1|+|nor_conv_1x1~0|none~1|none~2|,16,5,10,1,1,2,0,2,4.9232848600513535,35.52967685597263,30.60639199592128,30.60639199592128,621.6660799838836,overestimated,1-2
cifar10,3973,raspi4,infer.tiny,|skip_connect~0|+|nor_conv_3x3~0|nor_conv_3x3~1|+|skip_connect~0|skip_connect~1|none~2|,16,5,10,0,0,2,3,1,2.8969275200506672,33.31137632675815,30.414448806707483,30.414448806707483,1049.886426091031,overestimated,1-2
cifar10,4246,raspi4,infer.tiny,|avg_pool_3x3~0|+|nor_conv_3x3~0|nor_conv_3x3~1|+|skip_connect~0|avg_pool_3x3~1|none~2|,16,5,10,2,0,2,1,1,8.033052979953936,38.28020960643006,30.247156626476126,30.247156626476126,376.5337624680968,overestimated,1-2
cifar10,13664,raspi4,infer.tiny,|none~0|+|nor_conv_3x3~0|nor_conv_3x3~1|+|none~0|nor_conv_1x1~1|none~2|,16,5,10,0,1,2,0,3,0.1365962199633941,30.37226344068502,30.235667220721627,30.235667220721627,22135.06876604958,overestimated,1-2
cifar10,5249,raspi4,infer.tiny,|avg_pool_3x3~0|+|nor_conv_3x3~0|nor_conv_3x3~1|+|skip_connect~0|skip_connect~1|none~2|,16,5,10,1,0,2,2,1,5.617430040001636,35.74346215615802,30.12603211615638,30.12603211615638,536.2956352216112,overestimated,1-2
cifar100,120,raspi4,infer.tiny,|avg_pool_3x3~0|+|nor_conv_3x3~0|nor_conv_3x3~1|+|none~0|none~1|none~2|,16,5,100,1,0,2,0,3,0.015714460023446,30.089487232213198,30.073772772189752,30.073772772189752,191376.43118070636,overestimated,1-2
cifar100,3318,raspi4,infer.tiny,|skip_connect~0|+|nor_conv_3x3~0|nor_conv_3x3~1|+|avg_pool_3x3~0|nor_conv_1x1~1|none~2|,16,5,100,1,1,2,1,1,7.767615839984501,37.797741973300646,30.030126133316145,30.030126133316145,386.6067368925916,overestimated,1-2
cifar100,3957,raspi4,infer.tiny,|skip_connect~0|+|nor_conv_3x3~0|nor_conv_3x3~1|+|nor_conv_1x1~0|avg_pool_3x3~1|none~2|,16,5,100,1,1,2,1,1,7.801699380070204,37.797741973300646,29.99604259323044,29.99604259323044,384.4808820736761,overestimated,1-2
cifar10,6758,raspi4,infer.tiny,|nor_conv_3x3~0|+|nor_conv_1x1~0|nor_conv_3x3~1|+|nor_conv_1x1~0|none~1|none~2|,16,5,10,0,2,2,0,2,5.648445839979104,35.6154811811915,29.967035341212394,29.967035341212394,530.5359419242171,overestimated,1-2
cifar100,606,raspi4,infer.tiny,|nor_conv_3x3~0|+|avg_pool_3x3~0|nor_conv_3x3~1|+|avg_pool_3x3~0|none~1|none~2|,16,5,100,2,0,2,0,2,5.29594410007121,35.23613595070242,29.94019185063121,29.94019185063121,565.3419160944056,overestimated,1-2
cifar100,2488,raspi4,infer.tiny,|avg_pool_3x3~0|+|nor_conv_3x3~0|nor_conv_3x3~1|+|avg_pool_3x3~0|skip_connect~1|none~2|,16,5,100,2,0,2,1,1,8.147362360032275,38.07058372201784,29.92322136198556,29.92322136198556,367.2749540241024,overestimated,1-2
cifar100,13664,raspi4,infer.tiny,|none~0|+|nor_conv_3x3~0|nor_conv_3x3~1|+|none~0|nor_conv_1x1~1|none~2|,16,5,100,0,1,2,0,3,0.1401494599122088,30.042629318744194,29.902479858831985,29.902479858831985,21336.136348697477,overestimated,1-2
cifar100,4246,raspi4,infer.tiny,|avg_pool_3x3~0|+|nor_conv_3x3~0|nor_conv_3x3~1|+|skip_connect~0|avg_pool_3x3~1|none~2|,16,5,100,2,0,2,1,1,8.241230499988887,38.07058372201784,29.82935322202895,29.82935322202895,361.95266255529646,overestimated,1-2
cifar100,14942,raspi4,infer.tiny,|none~0|+|avg_pool_3x3~0|nor_conv_3x3~1|+|none~0|nor_conv_3x3~1|none~2|,16,5,100,1,0,2,0,3,0.4202750600234139,30.089487232213198,29.669212172189784,29.669212172189784,7059.474852144899,overestimated,1-2
cifar10,5391,raspi4,infer.tiny,|none~0|+|none~0|nor_conv_3x3~1|+|none~0|avg_pool_3x3~1|nor_conv_3x3~2|,16,5,10,1,0,2,0,3,1.0634271999879277,30.28228279064113,29.218855590653202,29.218855590653202,2747.6122099364115,overestimated,1-2
cifar100,15482,raspi4,infer.tiny,|none~0|+|none~0|avg_pool_3x3~1|+|none~0|nor_conv_3x3~1|nor_conv_3x3~2|,16,5,100,1,0,2,0,3,0.9740562400838826,30.089487232213198,29.115430992129316,29.115430992129316,2989.091368032506,overestimated,1-2
cifar100,5391,raspi4,infer.tiny,|none~0|+|none~0|nor_conv_3x3~1|+|none~0|avg_pool_3x3~1|nor_conv_3x3~2|,16,5,100,1,0,2,0,3,1.00632352012326,30.089487232213198,29.083163712089938,29.083163712089938,2890.0411379163306,overestimated,1-2
cifar10,275,raspi4,infer.tiny,|skip_connect~0|+|nor_conv_3x3~0|nor_conv_3x3~1|+|skip_connect~0|none~1|none~2|,16,5,10,0,0,2,2,2,2.7977927000029013,31.363196116005277,28.565403416002376,28.565403416002376,1020.9978536284249,overestimated,1-2
cifar10,2222,raspi4,infer.tiny,|nor_conv_3x3~0|+|nor_conv_3x3~0|skip_connect~1|+|skip_connect~0|none~1|none~2|,16,5,10,0,0,2,2,2,2.8854925600171555,31.363196116005277,28.47770355598812,28.47770355598812,986.9269444873845,overestimated,1-2
cifar10,6520,raspi4,infer.tiny,|none~0|+|nor_conv_3x3~0|nor_conv_3x3~1|+|nor_conv_1x1~0|skip_connect~1|none~2|,16,5,10,0,1,2,1,2,5.110853320002207,33.50299523449996,28.392141914497756,28.392141914497756,555.5264480665138,overestimated,1-2
cifar10,14741,raspi4,infer.tiny,|nor_conv_3x3~0|+|nor_conv_3x3~0|nor_conv_3x3~1|+|avg_pool_3x3~0|avg_pool_3x3~1|none~2|,16,5,10,2,0,3,0,1,23.87813223998819,52.14815873369833,28.27002649371014,28.27002649371014,118.39295556947683,overestimated,3-4
cifar100,2222,raspi4,infer.tiny,|nor_conv_3x3~0|+|nor_conv_3x3~0|skip_connect~1|+|skip_connect~0|none~1|none~2|,16,5,100,0,0,2,2,2,2.538254700048128,30.686763595638414,28.148508895590286,28.148508895590286,1108.9710144161875,overestimated,1-2
cifar10,8348,raspi4,infer.tiny,|skip_connect~0|+|nor_conv_3x3~0|nor_conv_3x3~1|+|none~0|avg_pool_3x3~1|none~2|,16,5,10,1,0,2,1,2,5.334729460009839,33.43151278022903,28.09678332021919,28.09678332021919,526.676817087691,overestimated,1-2
cifar10,2494,raspi4,infer.tiny,|skip_connect~0|+|nor_conv_3x3~0|nor_conv_3x3~1|+|none~0|none~1|none~2|,16,5,10,0,0,2,1,3,0.0121501599642215,28.107153636774687,28.095003476810465,28.095003476810465,231231.55217331828,overestimated,1-2
cifar10,6270,raspi4,infer.tiny,|skip_connect~0|+|nor_conv_3x3~0|nor_conv_3x3~1|+|avg_pool_3x3~0|none~1|none~2|,16,5,10,1,0,2,1,2,5.40391084003204,33.43151278022903,28.027601940196988,28.027601940196988,518.6540409321559,overestimated,1-2
cifar100,4304,raspi4,infer.tiny,|none~0|+|nor_conv_3x3~0|nor_conv_3x3~1|+|nor_conv_1x1~0|nor_conv_1x1~1|none~2|,16,5,100,0,2,2,0,2,7.205016200023238,35.18046991675764,27.9754537167344,27.9754537167344,388.2774575391541,overestimated,1-2
cifar10,3649,raspi4,infer.tiny,|nor_conv_3x3~0|+|nor_conv_3x3~0|skip_connect~1|+|avg_pool_3x3~0|none~1|none~2|,16,5,10,1,0,2,1,2,5.50845288002165,33.43151278022903,27.923059900207377,27.923059900207377,506.9129301528604,overestimated,1-2
cifar100,6730,raspi4,infer.tiny,|nor_conv_3x3~0|+|skip_connect~0|nor_conv_3x3~1|+|skip_connect~0|none~1|none~2|,16,5,100,0,0,2,2,2,2.785148620023392,30.686763595638414,27.901614975615022,27.901614975615022,1001.7998599794894,overestimated,1-2
cifar10,7267,raspi4,infer.tiny,|none~0|+|nor_conv_3x3~0|nor_conv_3x3~1|+|nor_conv_1x1~0|avg_pool_3x3~1|none~2|,16,5,10,1,1,2,0,2,7.6659986400045455,35.52967685597263,27.863678215968086,27.863678215968086,363.47095172393045,overestimated,1-2
cifar10,3318,raspi4,infer.tiny,|skip_connect~0|+|nor_conv_3x3~0|nor_conv_3x3~1|+|avg_pool_3x3~0|nor_conv_1x1~1|none~2|,16,5,10,1,1,2,1,1,10.379631760006305,38.232218851959786,27.85258709195348,27.85258709195348,268.3388749808265,overestimated,1-2
cifar100,11899,raspi4,infer.tiny,|nor_conv_1x1~0|+|nor_conv_3x3~0|nor_conv_3x3~1|+|nor_conv_1x1~0|nor_conv_3x3~1|none~2|,16,5,100,0,2,3,0,1,24.019739760115044,51.86978285514735,27.850043095032305,27.850043095032305,115.94648140725283,overestimated,3-4
cifar100,2494,raspi4,infer.tiny,|skip_connect~0|+|nor_conv_3x3~0|nor_conv_3x3~1|+|none~0|none~1|none~2|,16,5,100,0,0,2,1,3,0.016084080125438,27.81113857315531,27.795054493029873,27.795054493029873,172810.96759192477,overestimated,1-2
cifar100,2000,raspi4,infer.tiny,|nor_conv_3x3~0|+|nor_conv_3x3~0|nor_conv_3x3~1|+|nor_conv_3x3~0|avg_pool_3x3~1|none~2|,16,5,100,1,0,4,0,1,34.66729578009108,62.41357526487863,27.74627948478755,27.74627948478755,80.03589221609212,overestimated,3-4
cifar10,9719,raspi4,infer.tiny,|none~0|+|skip_connect~0|nor_conv_3x3~1|+|none~0|nor_conv_3x3~1|none~2|,16,5,10,0,0,2,1,3,0.3862219599250238,28.107153636774687,27.720931676849663,27.720931676849663,7177.461292524913,overestimated,1-2
cifar100,8348,raspi4,infer.tiny,|skip_connect~0|+|nor_conv_3x3~0|nor_conv_3x3~1|+|none~0|avg_pool_3x3~1|none~2|,16,5,100,1,0,2,1,2,5.43681741997716,33.00047020181174,27.563652781834577,27.563652781834577,506.9813946768581,overestimated,1-2
cifar10,14412,raspi4,infer.tiny,|skip_connect~0|+|nor_conv_3x3~0|nor_conv_3x3~1|+|nor_conv_3x3~0|skip_connect~1|none~2|,16,5,10,0,0,3,2,1,18.820756700006317,46.16305080433216,27.34229410432584,27.34229410432584,145.27733682629597,overestimated,3-4
cifar100,9462,raspi4,infer.tiny,|avg_pool_3x3~0|+|nor_conv_3x3~0|nor_conv_3x3~1|+|nor_conv_3x3~0|none~1|none~2|,16,5,100,1,0,3,0,2,18.792235419969074,45.97905117898887,27.186815759019794,27.186815759019794,144.67047241293304,overestimated,3-4
cifar100,14984,raspi4,infer.tiny,|nor_conv_3x3~0|+|nor_conv_3x3~0|nor_conv_1x1~1|+|nor_conv_3x3~0|none~1|none~2|,16,5,100,0,1,3,0,2,18.70378015999449,45.84980483996759,27.1460246799731,27.1460246799731,145.13656837154085,overestimated,3-4
cifar100,6270,raspi4,infer.tiny,|skip_connect~0|+|nor_conv_3x3~0|nor_conv_3x3~1|+|avg_pool_3x3~0|none~1|none~2|,16,5,100,1,0,2,1,2,6.230232259986224,33.00047020181174,26.770237941825513,26.770237941825513,429.68282440701023,overestimated,1-2
cifar100,4652,raspi4,infer.tiny,|nor_conv_1x1~0|+|nor_conv_3x3~0|nor_conv_3x3~1|+|avg_pool_3x3~0|nor_conv_1x1~1|none~2|,16,5,100,1,2,2,0,1,13.81521014001919,40.3241194204992,26.50890928048001,26.50890928048001,191.88205616713978,overestimated,1-2
cifar100,8732,raspi4,infer.tiny,|avg_pool_3x3~0|+|nor_conv_3x3~0|nor_conv_3x3~1|+|nor_conv_3x3~0|nor_conv_3x3~1|none~2|,16,5,100,1,0,4,0,1,36.1523043399211,62.41357526487863,26.26127092495753,26.26127092495753,72.64065570492163,overestimated,3-4
cifar100,4925,raspi4,infer.tiny,|nor_conv_1x1~0|+|nor_conv_3x3~0|nor_conv_3x3~1|+|nor_conv_1x1~0|skip_connect~1|none~2|,16,5,100,0,2,2,1,1,11.204233179887524,37.46188225544917,26.257649075561645,26.257649075561645,234.35471802475675,overestimated,1-2
cifar100,13094,raspi4,infer.tiny,|nor_conv_1x1~0|+|nor_conv_3x3~0|nor_conv_3x3~1|+|skip_connect~0|nor_conv_3x3~1|none~2|,16,5,100,0,1,3,1,1,22.558481660089456,48.76841215282313,26.209930492733676,26.209930492733676,116.1865895394209,overestimated,3-4
cifar100,6216,raspi4,infer.tiny,|none~0|+|nor_conv_3x3~0|nor_conv_3x3~1|+|skip_connect~0|nor_conv_3x3~1|none~2|,16,5,100,0,0,3,1,2,17.289371119986754,43.197882503873004,25.90851138388625,25.90851138388625,149.85224855249737,overestimated,3-4
cifar100,6755,raspi4,infer.tiny,|nor_conv_1x1~0|+|nor_conv_3x3~0|nor_conv_3x3~1|+|avg_pool_3x3~0|avg_pool_3x3~1|none~2|,16,5,100,2,1,2,0,1,14.87273548002122,40.43781166539139,25.565076185370174,25.565076185370174,171.8922266835993,overestimated,1-2
cifar10,1778,raspi4,infer.tiny,|none~0|+|nor_conv_3x3~0|nor_conv_3x3~1|+|nor_conv_3x3~0|nor_conv_1x1~1|none~2|,16,5,10,0,1,3,0,2,20.35270423999464,45.813567538443586,25.460863298448945,25.460863298448945,125.09818350534655,overestimated,3-4
cifar10,11952,raspi4,infer.tiny,|nor_conv_1x1~0|+|nor_conv_3x3~0|nor_conv_3x3~1|+|none~0|nor_conv_3x3~1|none~2|,16,5,10,0,1,3,0,2,20.74531702004606,45.813567538443586,25.068250518397527,25.068250518397527,120.83811731666596,overestimated,3-4
cifar100,4561,raspi4,infer.tiny,|none~0|+|nor_conv_3x3~0|nor_conv_3x3~1|+|nor_conv_1x1~0|none~1|none~2|,16,5,100,0,1,2,0,3,4.979758099943865,30.042629318744194,25.06287121880033,25.06287121880033,503.29495360593626,overestimated,1-2
cifar100,8387,raspi4,infer.tiny,|nor_conv_3x3~0|+|nor_conv_3x3~0|nor_conv_3x3~1|+|nor_conv_1x1~0|nor_conv_3x3~1|none~2|,16,5,100,0,1,4,0,1,37.44254490011372,62.43813697980593,24.995592079692216,24.995592079692216,66.75719331144155,overestimated,3-4
cifar100,5552,raspi4,infer.tiny,|none~0|+|nor_conv_3x3~0|nor_conv_3x3~1|+|skip_connect~0|none~1|none~2|,16,5,100,0,0,2,1,3,2.840463039901806,27.81113857315531,24.970675533253505,24.970675533253505,879.1058071333586,overestimated,1-2
cifar100,9238,raspi4,infer.tiny,|nor_conv_3x3~0|+|skip_connect~0|nor_conv_3x3~1|+|nor_conv_1x1~0|none~1|none~2|,16,5,100,0,1,2,1,2,8.064891420071945,32.96683362878261,24.901942208710665,24.901942208710665,308.76971445312427,overestimated,1-2
cifar10,9532,raspi4,infer.tiny,|none~0|+|nor_conv_3x3~0|nor_conv_3x3~1|+|nor_conv_3x3~0|skip_connect~1|none~2|,16,5,10,0,0,3,1,2,18.35256892009056,43.18805167817412,24.835482758083558,24.835482758083558,135.32428547861846,overestimated,3-4
cifar100,5023,raspi4,infer.tiny,|none~0|+|nor_conv_3x3~0|nor_conv_3x3~1|+|avg_pool_3x3~0|nor_conv_3x3~1|none~2|,16,5,100,1,0,3,0,2,21.18092192002223,45.97905117898887,24.79812925896664,24.79812925896664,117.07766712234127,overestimated,3-4
cifar100,1087,raspi4,infer.tiny,|none~0|+|nor_conv_3x3~0|nor_conv_3x3~1|+|avg_pool_3x3~0|none~1|none~2|,16,5,100,1,0,2,0,3,5.43324662008672,30.089487232213198,24.656240612126478,24.656240612126478,453.8030819542099,overestimated,1-2
cifar100,1973,raspi4,infer.tiny,|nor_conv_3x3~0|+|nor_conv_3x3~0|skip_connect~1|+|nor_conv_3x3~0|none~1|none~2|,16,5,100,0,0,3,1,2,18.757134640036384,43.197882503873004,24.44074786383662,24.44074786383662,130.30107387334516,overestimated,3-4
cifar100,8963,raspi4,infer.tiny,|avg_pool_3x3~0|+|nor_conv_3x3~0|nor_conv_3x3~1|+|none~0|nor_conv_3x3~1|none~2|,16,5,100,1,0,3,0,2,21.65004171984037,45.97905117898887,24.329009459148498,24.329009459148498,112.37396109427857,overestimated,3-4
cifar100,8676,raspi4,infer.tiny,|nor_conv_3x3~0|+|nor_conv_3x3~0|nor_conv_3x3~1|+|none~0|avg_pool_3x3~1|none~2|,16,5,100,1,0,3,0,2,22.26506999999401,45.97905117898887,23.713981178994857,23.713981178994857,106.50755276763664,overestimated,3-4
cifar100,6366,raspi4,infer.tiny,|none~0|+|none~0|nor_conv_3x3~1|+|none~0|nor_conv_3x3~1|none~2|,16,5,100,0,0,2,0,4,0.962207799893804,24.55355879846539,23.591350998571585,23.591350998571585,2451.7937810497165,overestimated,1-2
cifar10,4315,raspi4,infer.tiny,|avg_pool_3x3~0|+|nor_conv_3x3~0|nor_conv_3x3~1|+|none~0|avg_pool_3x3~1|none~2|,16,5,10,2,0,2,0,2,12.108645000043907,35.50486763756108,23.39622263751717,23.39622263751717,193.21916397278417,overestimated,1-2
cifar10,10380,raspi4,infer.tiny,|nor_conv_3x3~0|+|nor_conv_3x3~0|nor_conv_3x3~1|+|none~0|nor_conv_1x1~1|none~2|,16,5,10,0,1,3,0,2,22.423682320077205,45.813567538443586,23.38988521836638,23.38988521836638,104.30885027934988,overestimated,3-4
cifar100,11681,raspi4,infer.tiny,|none~0|+|nor_conv_3x3~0|nor_conv_3x3~1|+|nor_conv_3x3~0|nor_conv_3x3~1|none~2|,16,5,100,0,0,4,0,2,33.09319975989638,56.21541994927,23.12222018937362,23.12222018937362,69.87000458442832,overestimated,3-4
cifar10,8732,raspi4,infer.tiny,|avg_pool_3x3~0|+|nor_conv_3x3~0|nor_conv_3x3~1|+|nor_conv_3x3~0|nor_conv_3x3~1|none~2|,16,5,10,1,0,4,0,1,39.50672416001908,62.62049787589133,23.11377371587225,23.11377371587225,58.50592325056263,overestimated,3-4
cifar100,12672,raspi4,infer.tiny,|nor_conv_3x3~0|+|nor_conv_3x3~0|nor_conv_3x3~1|+|nor_conv_3x3~0|nor_conv_1x1~1|none~2|,16,5,100,0,1,4,0,1,39.445080860023154,62.43813697980593,22.99305611978278,22.99305611978278,58.29131445154625,overestimated,3-4
cifar10,4691,raspi4,infer.tiny,|nor_conv_3x3~0|+|nor_conv_3x3~0|nor_conv_3x3~1|+|none~0|nor_conv_3x3~1|none~2|,16,5,10,0,0,4,0,2,33.93591407992062,55.80328544417501,21.86737136425439,21.86737136425439,64.43725462280383,overestimated,3-4
cifar10,8887,raspi4,infer.tiny,|none~0|+|none~0|nor_conv_3x3~1|+|none~0|none~1|nor_conv_3x3~2|,16,5,10,0,0,2,0,4,4.115624139958527,24.711024524308705,20.595400384350178,20.595400384350178,500.41985574896836,overestimated,1-2
cifar100,8887,raspi4,infer.tiny,|none~0|+|none~0|nor_conv_3x3~1|+|none~0|none~1|nor_conv_3x3~2|,16,5,100,0,0,2,0,4,4.1249889199389145,24.55355879846539,20.428569878526474,20.428569878526474,495.23938791159213,overestimated,1-2
cifar10,5988,raspi4,infer.tiny,|none~0|+|nor_conv_1x1~0|nor_conv_3x3~1|+|none~0|nor_conv_1x1~1|none~2|,16,5,10,0,2,1,0,3,0.1369695599714759,20.328880435726905,20.19191087575543,20.19191087575543,14741.896579035827,overestimated,1-2
cifar100,5988,raspi4,infer.tiny,|none~0|+|nor_conv_1x1~0|nor_conv_3x3~1|+|none~0|nor_conv_1x1~1|none~2|,16,5,100,0,2,1,0,3,0.1399089000187814,20.18592224676266,20.04601334674388,20.04601334674388,14327.904332071012,overestimated,1-2
cifar100,669,raspi4,infer.tiny,|avg_pool_3x3~0|+|nor_conv_3x3~0|nor_conv_1x1~1|+|none~0|none~1|none~2|,16,5,100,1,1,1,0,3,0.0156085399794392,19.891630608622663,19.876022068643223,19.876022068643223,127340.68718038643,overestimated,1-2
cifar10,6136,raspi4,infer.tiny,|nor_conv_1x1~0|+|nor_conv_3x3~0|nor_conv_1x1~1|+|skip_connect~0|none~1|none~2|,16,5,10,0,2,1,1,2,2.7723222200438613,22.612469923448053,19.84014770340419,19.84014770340419,715.6508561652801,overestimated,1-2
cifar10,4862,raspi4,infer.tiny,|nor_conv_3x3~0|+|avg_pool_3x3~0|nor_conv_1x1~1|+|none~0|none~1|none~2|,16,5,10,1,1,1,0,3,0.0117578799836337,19.851848326609097,19.840090446625464,19.840090446625464,168738.67120808974,overestimated,1-2
cifar100,12573,raspi4,infer.tiny,|none~0|+|nor_conv_1x1~0|nor_conv_3x3~1|+|none~0|avg_pool_3x3~1|none~2|,16,5,100,1,1,1,0,3,0.0688044600246939,19.891630608622663,19.82282614859797,19.82282614859797,28810.379649057002,overestimated,1-2
cifar100,12150,raspi4,infer.tiny,|none~0|+|nor_conv_1x1~0|nor_conv_1x1~1|+|none~0|nor_conv_3x3~1|none~2|,16,5,100,0,2,1,0,3,0.3899710800033062,20.18592224676266,19.795951166759355,19.795951166759355,5076.261338813002,overestimated,1-2
cifar10,13078,raspi4,infer.tiny,|none~0|+|nor_conv_3x3~0|nor_conv_1x1~1|+|none~0|avg_pool_3x3~1|none~2|,16,5,10,1,1,1,0,3,0.0625924600171856,19.851848326609097,19.789255866591912,19.789255866591912,31616.03787606128,overestimated,1-2
cifar100,6112,raspi4,infer.tiny,|none~0|+|avg_pool_3x3~0|nor_conv_3x3~1|+|none~0|nor_conv_1x1~1|none~2|,16,5,100,1,1,1,0,3,0.1404916000319644,19.891630608622663,19.751139008590698,19.751139008590698,14058.59069445928,overestimated,1-2
cifar10,8671,raspi4,infer.tiny,|nor_conv_1x1~0|+|avg_pool_3x3~0|nor_conv_3x3~1|+|skip_connect~0|none~1|none~2|,16,5,10,1,1,1,1,2,2.785235719929915,22.473584754099413,19.688349034169498,19.688349034169498,706.8826847684159,overestimated,1-2
cifar10,14766,raspi4,infer.tiny,|avg_pool_3x3~0|+|nor_conv_1x1~0|nor_conv_3x3~1|+|skip_connect~0|none~1|none~2|,16,5,10,1,1,1,1,2,2.823806739979773,22.473584754099413,19.64977801411964,19.64977801411964,695.861290219188,overestimated,1-2
cifar10,10797,raspi4,infer.tiny,|nor_conv_3x3~0|+|nor_conv_1x1~0|avg_pool_3x3~1|+|skip_connect~0|none~1|none~2|,16,5,10,1,1,1,1,2,2.8328871399571653,22.473584754099413,19.640697614142248,19.640697614142248,693.3102747763974,overestimated,1-2
cifar100,2090,raspi4,infer.tiny,|nor_conv_1x1~0|+|nor_conv_3x3~0|avg_pool_3x3~1|+|skip_connect~0|none~1|none~2|,16,5,100,1,1,1,1,2,2.57234648001031,22.158102879963046,19.585756399952736,19.585756399952736,761.3965129563042,overestimated,1-2
cifar100,15579,raspi4,infer.tiny,|none~0|+|avg_pool_3x3~0|nor_conv_3x3~1|+|none~0|avg_pool_3x3~1|none~2|,16,5,100,2,0,1,0,3,0.06711890004226,19.620143683681757,19.553024783639497,19.553024783639497,29131.920772432728,overestimated,1-2
cifar100,9645,raspi4,infer.tiny,|none~0|+|nor_conv_3x3~0|avg_pool_3x3~1|+|none~0|avg_pool_3x3~1|none~2|,16,5,100,2,0,1,0,3,0.0673155000549741,19.620143683681757,19.552828183626783,19.552828183626783,29046.546735385913,overestimated,1-2
cifar10,7309,raspi4,infer.tiny,|none~0|+|nor_conv_1x1~0|avg_pool_3x3~1|+|none~0|nor_conv_3x3~1|none~2|,16,5,10,1,1,1,0,3,0.3813130599883152,19.851848326609097,19.470535266620782,19.470535266620782,5106.181064770619,overestimated,1-2
cifar100,777,raspi4,infer.tiny,|avg_pool_3x3~0|+|avg_pool_3x3~0|nor_conv_3x3~1|+|skip_connect~0|none~1|none~2|,16,5,100,2,0,1,1,2,2.816266139998333,22.196987708071532,19.3807215680732,19.3807215680732,688.1708121550142,overestimated,1-2
cifar100,8671,raspi4,infer.tiny,|nor_conv_1x1~0|+|avg_pool_3x3~0|nor_conv_3x3~1|+|skip_connect~0|none~1|none~2|,16,5,100,1,1,1,1,2,2.786127680010395,22.158102879963046,19.37197519995265,19.37197519995265,695.3010566938689,overestimated,1-2
cifar100,15115,raspi4,infer.tiny,|none~0|+|none~0|nor_conv_1x1~1|+|none~0|nor_conv_3x3~1|nor_conv_1x1~2|,16,5,100,0,2,1,0,3,0.8271725999657065,20.18592224676266,19.358749646796955,19.358749646796955,2340.3518984549955,overestimated,1-2
cifar10,15579,raspi4,infer.tiny,|none~0|+|avg_pool_3x3~0|nor_conv_3x3~1|+|none~0|avg_pool_3x3~1|none~2|,16,5,10,2,0,1,0,3,0.0628636000328697,19.415015776530147,19.352152176497277,19.352152176497277,30784.352417581165,overestimated,1-2
cifar100,3728,raspi4,infer.tiny,|nor_conv_3x3~0|+|avg_pool_3x3~0|avg_pool_3x3~1|+|skip_connect~0|none~1|none~2|,16,5,100,2,0,1,1,2,2.8487100399797782,22.196987708071532,19.348277668091754,19.348277668091754,679.1943510062925,overestimated,1-2
cifar10,13113,raspi4,infer.tiny,|nor_conv_3x3~0|+|nor_conv_1x1~0|nor_conv_1x1~1|+|nor_conv_1x1~0|none~1|none~2|,16,5,10,0,3,1,0,2,4.921156980053638,24.18620079349054,19.2650438134369,19.2650438134369,391.4738727401238,overestimated,1-2
cifar10,777,raspi4,infer.tiny,|avg_pool_3x3~0|+|avg_pool_3x3~0|nor_conv_3x3~1|+|skip_connect~0|none~1|none~2|,16,5,10,2,0,1,1,2,2.8732156600017333,22.136823265691223,19.26360760568949,19.26360760568949,670.4546363804055,overestimated,1-2
cifar100,2284,raspi4,infer.tiny,|none~0|+|none~0|nor_conv_3x3~1|+|none~0|avg_pool_3x3~1|nor_conv_1x1~2|,16,5,100,1,1,1,0,3,0.7214431199827231,19.891630608622663,19.17018748863994,19.17018748863994,2657.200125368029,overestimated,1-2
cifar100,9563,raspi4,infer.tiny,|nor_conv_1x1~0|+|nor_conv_3x3~0|avg_pool_3x3~1|+|nor_conv_1x1~0|none~1|none~2|,16,5,100,1,2,1,0,2,4.983026040135883,23.964999587858287,18.981973547722404,18.981973547722404,380.93265808429896,overestimated,1-2
cifar100,13113,raspi4,infer.tiny,|nor_conv_3x3~0|+|nor_conv_1x1~0|nor_conv_1x1~1|+|nor_conv_1x1~0|none~1|none~2|,16,5,100,0,3,1,0,2,4.9412056800792925,23.920137224249153,18.97893154416986,18.97893154416986,384.095153550971,overestimated,1-2
cifar100,6356,raspi4,infer.tiny,|avg_pool_3x3~0|+|nor_conv_1x1~0|nor_conv_3x3~1|+|nor_conv_1x1~0|none~1|none~2|,16,5,100,1,2,1,0,2,5.010929840063909,23.964999587858287,18.954069747794378,18.954069747794378,378.25454262501984,overestimated,1-2
cifar10,9569,raspi4,infer.tiny,|nor_conv_1x1~0|+|nor_conv_3x3~0|avg_pool_3x3~1|+|skip_connect~0|skip_connect~1|none~2|,16,5,10,1,1,1,2,1,5.107180240011076,23.89900996719072,18.791829727179646,18.791829727179646,367.9492174558322,overestimated,1-2
cifar10,6974,raspi4,infer.tiny,|avg_pool_3x3~0|+|avg_pool_3x3~0|nor_conv_3x3~1|+|nor_conv_1x1~0|none~1|none~2|,16,5,10,2,1,1,0,2,4.786109580018092,23.574915962435696,18.788806382417604,18.788806382417604,392.5694986353944,overestimated,1-2
cifar10,13059,raspi4,infer.tiny,|nor_conv_1x1~0|+|nor_conv_3x3~0|nor_conv_1x1~1|+|skip_connect~0|skip_connect~1|none~2|,16,5,10,0,2,1,2,1,5.269798500012257,23.952012243941283,18.682213743929026,18.682213743929026,354.5147645376872,overestimated,1-2
cifar10,13021,raspi4,infer.tiny,|nor_conv_1x1~0|+|avg_pool_3x3~0|nor_conv_3x3~1|+|skip_connect~0|skip_connect~1|none~2|,16,5,10,1,1,1,2,1,5.2252540399786085,23.89900996719072,18.673755927212113,18.673755927212113,357.3750823278357,overestimated,1-2
cifar10,442,raspi4,infer.tiny,|nor_conv_1x1~0|+|nor_conv_3x3~0|nor_conv_1x1~1|+|avg_pool_3x3~0|none~1|none~2|,16,5,10,1,2,1,0,2,5.395319759991253,24.025107053658644,18.62978729366739,18.62978729366739,345.2953322955152,overestimated,1-2
cifar100,2186,raspi4,infer.tiny,|skip_connect~0|+|nor_conv_3x3~0|nor_conv_1x1~1|+|skip_connect~0|skip_connect~1|none~2|,16,5,100,0,1,1,3,1,2.7583229399169795,21.28333754329573,18.52501460337875,18.52501460337875,671.6042684957084,overestimated,1-2
cifar100,2649,raspi4,infer.tiny,|skip_connect~0|+|nor_conv_1x1~0|nor_conv_3x3~1|+|nor_conv_1x1~0|skip_connect~1|none~2|,16,5,100,0,2,1,2,1,5.109687439980917,23.579671445279217,18.4699840052983,18.4699840052983,361.46993768697683,overestimated,1-2
cifar10,2526,raspi4,infer.tiny,|skip_connect~0|+|nor_conv_3x3~0|nor_conv_1x1~1|+|skip_connect~0|avg_pool_3x3~1|none~2|,16,5,10,1,1,1,2,1,5.546371800010093,23.89900996719072,18.35263816718063,18.35263816718063,330.8944807332829,overestimated,1-2
cifar10,9932,raspi4,infer.tiny,|nor_conv_1x1~0|+|nor_conv_1x1~0|nor_conv_3x3~1|+|nor_conv_1x1~0|skip_connect~1|none~2|,16,5,10,0,3,1,1,1,7.377095940028084,25.724553052380692,18.347457112352608,18.347457112352608,248.7083977422525,overestimated,1-2
cifar100,14941,raspi4,infer.tiny,|nor_conv_1x1~0|+|nor_conv_1x1~0|nor_conv_3x3~1|+|skip_connect~0|skip_connect~1|none~2|,16,5,100,0,2,1,2,1,5.23686060012551,23.579671445279217,18.342810845153707,18.342810845153707,350.26349268708987,overestimated,1-2
cifar10,7299,raspi4,infer.tiny,|skip_connect~0|+|nor_conv_1x1~0|nor_conv_3x3~1|+|skip_connect~0|avg_pool_3x3~1|none~2|,16,5,10,1,1,1,2,1,5.570972700006678,23.89900996719072,18.328037267184044,18.328037267184044,328.9916905742883,overestimated,1-2
cifar100,13047,pixel3,infer.tiny,|nor_conv_3x3~0|+|nor_conv_3x3~0|nor_conv_3x3~1|+|skip_connect~0|none~1|none~2|,16,5,100,0,0,3,1,2,1.49069,19.804426486513158,18.313736486513157,18.313736486513157,1228.5409096802928,overestimated,3-4
cifar10,8096,raspi4,infer.tiny,|skip_connect~0|+|nor_conv_3x3~0|nor_conv_1x1~1|+|avg_pool_3x3~0|skip_connect~1|none~2|,16,5,10,1,1,1,2,1,5.613585519968183,23.89900996719072,18.28542444722254,18.28542444722254,325.7352075991207,overestimated,1-2
cifar100,5241,raspi4,infer.tiny,|none~0|+|nor_conv_1x1~0|nor_conv_3x3~1|+|none~0|skip_connect~1|none~2|,16,5,100,0,1,1,1,3,0.0160945400421042,18.284980181762084,18.26888564171998,18.26888564171998,113509.83373198347,overestimated,1-2
cifar100,12091,raspi4,infer.tiny,|skip_connect~0|+|nor_conv_3x3~0|nor_conv_1x1~1|+|none~0|none~1|none~2|,16,5,100,0,1,1,1,3,0.0161408599524293,18.284980181762084,18.268839321809654,18.268839321809654,113183.80418175973,overestimated,1-2
cifar100,6337,raspi4,infer.tiny,|skip_connect~0|+|nor_conv_1x1~0|nor_conv_3x3~1|+|none~0|none~1|none~2|,16,5,100,0,1,1,1,3,0.0164871200104244,18.284980181762084,18.26849306175166,18.26849306175166,110804.63446739603,overestimated,1-2
cifar10,7797,raspi4,infer.tiny,|none~0|+|skip_connect~0|nor_conv_3x3~1|+|none~0|nor_conv_1x1~1|none~2|,16,5,10,0,1,1,1,3,0.1369778399384813,18.31754481467314,18.18056697473466,18.18056697473466,13272.633721556573,overestimated,1-2
cifar100,4815,raspi4,infer.tiny,|skip_connect~0|+|avg_pool_3x3~0|nor_conv_3x3~1|+|skip_connect~0|nor_conv_3x3~1|none~2|,16,5,100,1,0,2,2,1,17.04380592011148,35.204037559667746,18.160231639556265,18.160231639556265,106.5503310978648,overestimated,1-2
cifar100,8096,raspi4,infer.tiny,|skip_connect~0|+|nor_conv_3x3~0|nor_conv_1x1~1|+|avg_pool_3x3~0|skip_connect~1|none~2|,16,5,100,1,1,1,2,1,5.533062780014006,23.6251216610012,18.092058880987192,18.092058880987192,326.980907325642,overestimated,1-2
cifar100,9035,raspi4,infer.tiny,|nor_conv_1x1~0|+|nor_conv_3x3~0|avg_pool_3x3~1|+|skip_connect~0|nor_conv_1x1~1|none~2|,16,5,100,1,2,1,1,1,7.288172840198968,25.373486077553416,18.08531323735445,18.08531323735445,248.1460529805536,overestimated,1-2
cifar100,9336,raspi4,infer.tiny,|nor_conv_3x3~0|+|nor_conv_3x3~0|avg_pool_3x3~1|+|nor_conv_1x1~0|nor_conv_1x1~1|none~2|,16,5,100,1,2,2,0,1,22.268818719894625,40.3241194204992,18.055300700604576,18.055300700604576,81.07884359610976,overestimated,1-2
cifar100,9496,raspi4,infer.tiny,|nor_conv_1x1~0|+|avg_pool_3x3~0|nor_conv_3x3~1|+|skip_connect~0|nor_conv_1x1~1|none~2|,16,5,100,1,2,1,1,1,7.323689739860129,25.373486077553416,18.049796337693287,18.049796337693287,246.45768702427327,overestimated,1-2
cifar100,8224,raspi4,infer.tiny,|skip_connect~0|+|avg_pool_3x3~0|nor_conv_3x3~1|+|none~0|none~1|none~2|,16,5,100,1,0,1,1,3,0.0158726400695741,18.028671433316603,18.01279879324703,18.01279879324703,113483.3191850381,overestimated,1-2
cifar10,12326,raspi4,infer.tiny,|avg_pool_3x3~0|+|nor_conv_3x3~0|avg_pool_3x3~1|+|avg_pool_3x3~0|nor_conv_3x3~1|none~2|,16,5,10,3,0,2,0,1,22.41797492002661,40.35152021014347,17.93354529011686,17.93354529011686,79.99627688982879,overestimated,1-2
cifar10,4398,raspi4,infer.tiny,|avg_pool_3x3~0|+|nor_conv_1x1~0|nor_conv_3x3~1|+|nor_conv_3x3~0|none~1|none~2|,16,5,10,1,1,2,0,2,17.59726768010296,35.52967685597263,17.932409175869672,17.932409175869672,101.90450871043835,overestimated,1-2
cifar10,14387,raspi4,infer.tiny,|none~0|+|skip_connect~0|nor_conv_3x3~1|+|none~0|avg_pool_3x3~1|none~2|,16,5,10,1,0,1,1,3,0.0638528600393328,17.848600604940316,17.784747744900983,17.784747744900983,27852.703440293415,overestimated,1-2
cifar10,3029,raspi4,infer.tiny,|avg_pool_3x3~0|+|nor_conv_1x1~0|nor_conv_3x3~1|+|skip_connect~0|nor_conv_1x1~1|none~2|,16,5,10,1,2,1,1,1,7.721480960026383,25.483719463028216,17.762238503001832,17.762238503001832,230.03668072168813,overestimated,1-2
cifar10,10602,raspi4,infer.tiny,|avg_pool_3x3~0|+|avg_pool_3x3~0|nor_conv_3x3~1|+|avg_pool_3x3~0|none~1|none~2|,16,5,10,3,0,1,0,2,5.380235880002147,23.111158016586188,17.73092213658404,17.73092213658404,329.5565943955782,overestimated,1-2
cifar100,9162,raspi4,infer.tiny,|avg_pool_3x3~0|+|avg_pool_3x3~0|nor_conv_3x3~1|+|nor_conv_1x1~0|skip_connect~1|none~2|,16,5,100,2,1,1,1,1,7.69596495985752,25.41607168511248,17.72010672525496,17.72010672525496,230.25191535673292,overestimated,1-2
cifar100,775,raspi4,infer.tiny,|skip_connect~0|+|nor_conv_3x3~0|nor_conv_1x1~1|+|nor_conv_1x1~0|avg_pool_3x3~1|none~2|,16,5,100,1,2,1,1,1,7.676130159961758,25.373486077553416,17.697355917591658,17.697355917591658,230.5504928759549,overestimated,1-2
cifar10,4210,raspi4,infer.tiny,|none~0|+|nor_conv_3x3~0|avg_pool_3x3~1|+|nor_conv_1x1~0|skip_connect~1|none~2|,16,5,10,1,1,1,1,2,4.7827477200189605,22.473584754099413,17.690837034080452,17.690837034080452,369.8885676121408,overestimated,1-2
cifar10,6014,raspi4,infer.tiny,|none~0|+|avg_pool_3x3~0|nor_conv_3x3~1|+|skip_connect~0|skip_connect~1|none~2|,16,5,10,1,0,1,2,2,2.736958940004115,20.426313534358513,17.6893545943544,17.6893545943544,646.3142115799443,overestimated,1-2
cifar10,3022,raspi4,infer.tiny,|nor_conv_1x1~0|+|nor_conv_3x3~0|skip_connect~1|+|skip_connect~0|none~1|none~2|,16,5,10,0,1,1,2,2,2.848239399972954,20.535203313441414,17.68696391346846,17.68696391346846,620.9788374402942,overestimated,1-2
cifar10,9394,raspi4,infer.tiny,|nor_conv_3x3~0|+|skip_connect~0|avg_pool_3x3~1|+|skip_connect~0|none~1|none~2|,16,5,10,1,0,1,2,2,2.7522901599877514,20.426313534358513,17.674023374370762,17.674023374370762,642.1569800783438,overestimated,1-2
cifar10,15589,raspi4,infer.tiny,|skip_connect~0|+|nor_conv_3x3~0|avg_pool_3x3~1|+|skip_connect~0|none~1|none~2|,16,5,10,1,0,1,2,2,2.760861959977774,20.426313534358513,17.66545157438074,17.66545157438074,639.8527644795017,overestimated,1-2
cifar10,11572,raspi4,infer.tiny,|skip_connect~0|+|nor_conv_3x3~0|avg_pool_3x3~1|+|none~0|skip_connect~1|none~2|,16,5,10,1,0,1,2,2,2.822976120005478,20.426313534358513,17.603337414353035,17.603337414353035,623.5737273724751,overestimated,1-2
cifar10,10232,raspi4,infer.tiny,|skip_connect~0|+|avg_pool_3x3~0|nor_conv_3x3~1|+|nor_conv_1x1~0|avg_pool_3x3~1|none~2|,16,5,10,2,1,1,1,1,7.7699632599251345,25.320978253559016,17.55101499363388,17.55101499363388,225.88285692618567,overestimated,1-2
cifar10,7395,raspi4,infer.tiny,|skip_connect~0|+|nor_conv_3x3~0|avg_pool_3x3~1|+|nor_conv_1x1~0|avg_pool_3x3~1|none~2|,16,5,10,2,1,1,1,1,7.832696460027364,25.320978253559016,17.48828179353165,17.48828179353165,223.27281393808227,overestimated,1-2
cifar100,2155,raspi4,infer.tiny,|avg_pool_3x3~0|+|nor_conv_3x3~0|avg_pool_3x3~1|+|avg_pool_3x3~0|skip_connect~1|none~2|,16,5,100,3,0,1,1,1,8.02129061994492,25.490452582480422,17.4691619625355,17.4691619625355,217.78492751650802,overestimated,1-2
cifar100,4345,raspi4,infer.tiny,|none~0|+|none~0|skip_connect~1|+|none~0|nor_conv_3x3~1|avg_pool_3x3~2|,16,5,100,1,0,1,1,3,0.5719749399577267,18.028671433316603,17.456696493358876,17.456696493358876,3052.003728458638,overestimated,1-2
cifar100,14485,raspi4,infer.tiny,|none~0|+|none~0|avg_pool_3x3~1|+|none~0|nor_conv_3x3~1|skip_connect~2|,16,5,100,1,0,1,1,3,0.5851438399986364,18.028671433316603,17.443527593317967,17.443527593317967,2981.066602932813,overestimated,1-2
cifar100,2961,raspi4,infer.tiny,|nor_conv_1x1~0|+|avg_pool_3x3~0|nor_conv_3x3~1|+|avg_pool_3x3~0|nor_conv_1x1~1|none~2|,16,5,100,2,2,1,0,1,9.926706400001422,27.340244714964072,17.41353831496265,17.41353831496265,175.42110759879185,overestimated,1-2
cifar10,10949,raspi4,infer.tiny,|nor_conv_1x1~0|+|nor_conv_3x3~0|avg_pool_3x3~1|+|avg_pool_3x3~0|skip_connect~1|none~2|,16,5,10,2,1,1,1,1,7.911774200038053,25.320978253559016,17.409204053520963,17.409204053520963,220.04172026847314,overestimated,1-2
cifar10,14678,raspi4,infer.tiny,|avg_pool_3x3~0|+|nor_conv_1x1~0|nor_conv_3x3~1|+|nor_conv_1x1~0|nor_conv_1x1~1|none~2|,16,5,10,1,3,1,0,1,9.838901499970234,27.236763318623407,17.397861818653173,17.397861818653173,176.82727912974642,overestimated,1-2
cifar10,11813,raspi4,infer.tiny,|none~0|+|avg_pool_3x3~0|skip_connect~1|+|none~0|nor_conv_3x3~1|none~2|,16,5,10,1,0,1,1,3,0.4835831799573498,17.848600604940316,17.365017424982966,17.365017424982966,3590.9060001868747,overestimated,1-2
cifar100,2089,raspi4,infer.tiny,|nor_conv_1x1~0|+|nor_conv_1x1~0|nor_conv_3x3~1|+|nor_conv_1x1~0|avg_pool_3x3~1|none~2|,16,5,100,1,3,1,0,1,9.921756380063016,27.278217491557122,17.356461111494106,17.356461111494106,174.9333529935339,overestimated,1-2
cifar100,14694,raspi4,infer.tiny,|skip_connect~0|+|avg_pool_3x3~0|nor_conv_3x3~1|+|none~0|skip_connect~1|none~2|,16,5,100,1,0,1,2,2,2.7286168398859445,20.04094375942495,17.312326919539007,17.312326919539007,634.4726260746327,overestimated,1-2
cifar10,9815,raspi4,infer.tiny,|avg_pool_3x3~0|+|nor_conv_3x3~0|avg_pool_3x3~1|+|nor_conv_3x3~0|none~1|none~2|,16,5,10,2,0,2,0,2,18.19528976004221,35.50486763756108,17.309577877518866,17.309577877518866,95.13219138467134,overestimated,1-2
cifar100,12786,raspi4,infer.tiny,|nor_conv_3x3~0|+|nor_conv_3x3~0|nor_conv_1x1~1|+|skip_connect~0|avg_pool_3x3~1|none~2|,16,5,100,1,1,2,1,1,20.491912919969764,37.797741973300646,17.305829053330882,17.305829053330882,84.45199392032366,overestimated,1-2
cifar100,2543,raspi4,infer.tiny,|avg_pool_3x3~0|+|nor_conv_3x3~0|nor_conv_1x1~1|+|skip_connect~0|avg_pool_3x3~1|none~2|,16,5,100,2,1,1,1,1,8.135218319948763,25.41607168511248,17.28085336516372,17.28085336516372,212.42027792651243,overestimated,1-2
cifar100,15589,raspi4,infer.tiny,|skip_connect~0|+|nor_conv_3x3~0|avg_pool_3x3~1|+|skip_connect~0|none~1|none~2|,16,5,100,1,0,1,2,2,2.795078540075337,20.04094375942495,17.245865219349614,17.245865219349614,617.0082511844114,overestimated,1-2
cifar10,12134,raspi4,infer.tiny,|nor_conv_1x1~0|+|nor_conv_1x1~0|nor_conv_3x3~1|+|avg_pool_3x3~0|nor_conv_1x1~1|none~2|,16,5,10,1,3,1,0,1,9.997555520021706,27.236763318623407,17.2392077986017,17.2392077986017,172.4342291880993,overestimated,1-2
cifar100,5455,raspi4,infer.tiny,|skip_connect~0|+|nor_conv_3x3~0|avg_pool_3x3~1|+|nor_conv_1x1~0|none~1|none~2|,16,5,100,1,1,1,1,2,4.9353981800959446,22.158102879963046,17.2227046998671,17.2227046998671,348.9628206559879,overestimated,1-2
cifar100,13618,raspi4,infer.tiny,|skip_connect~0|+|nor_conv_3x3~0|nor_conv_1x1~1|+|none~0|skip_connect~1|none~2|,16,5,100,0,1,1,2,2,2.8756647600675933,20.03114364020368,17.155478880136087,17.155478880136087,596.5743684160473,overestimated,1-2
cifar10,4722,raspi4,infer.tiny,|avg_pool_3x3~0|+|nor_conv_3x3~0|nor_conv_1x1~1|+|avg_pool_3x3~0|skip_connect~1|none~2|,16,5,10,2,1,1,1,1,8.241689559945371,25.320978253559016,17.079288693613645,17.079288693613645,207.23042974851933,overestimated,1-2
cifar10,14249,raspi4,infer.tiny,|avg_pool_3x3~0|+|nor_conv_3x3~0|skip_connect~1|+|nor_conv_1x1~0|none~1|none~2|,16,5,10,1,1,1,1,2,5.404535919951741,22.473584754099413,17.069048834147672,17.069048834147672,315.8282059174489,overestimated,1-2
cifar100,12945,raspi4,infer.tiny,|avg_pool_3x3~0|+|nor_conv_1x1~0|nor_conv_3x3~1|+|skip_connect~0|nor_conv_3x3~1|none~2|,16,5,100,1,1,2,1,1,20.745544679957675,37.797741973300646,17.05219729334297,17.05219729334297,82.19691291025558,overestimated,1-2
cifar10,6560,raspi4,infer.tiny,|skip_connect~0|+|nor_conv_1x1~0|nor_conv_3x3~1|+|avg_pool_3x3~0|none~1|none~2|,16,5,10,1,1,1,1,2,5.463148339986219,22.473584754099413,17.010436414113194,17.010436414113194,311.36691437809475,overestimated,1-2
cifar100,14677,raspi4,infer.tiny,|nor_conv_1x1~0|+|nor_conv_3x3~0|nor_conv_1x1~1|+|nor_conv_1x1~0|none~1|none~2|,16,5,100,0,3,1,0,2,6.917102879961021,23.920137224249153,17.00303434428813,17.00303434428813,245.81149997849886,overestimated,1-2
cifar10,13209,raspi4,infer.tiny,|avg_pool_3x3~0|+|nor_conv_3x3~0|avg_pool_3x3~1|+|avg_pool_3x3~0|nor_conv_1x1~1|none~2|,16,5,10,3,1,1,0,1,10.276829100039322,27.121229040697493,16.84439994065817,16.84439994065817,163.90658807971926,overestimated,1-2
cifar10,2663,raspi4,infer.tiny,|nor_conv_1x1~0|+|nor_conv_1x1~0|nor_conv_3x3~1|+|nor_conv_1x1~0|nor_conv_3x3~1|none~2|,16,5,10,0,3,2,0,1,23.86143417999847,40.67330830799409,16.811874127995623,16.811874127995623,70.45626009390482,overestimated,1-2
cifar100,5915,raspi4,infer.tiny,|none~0|+|nor_conv_1x1~0|nor_conv_3x3~1|+|skip_connect~0|skip_connect~1|none~2|,16,5,100,0,1,1,2,2,3.240446760028135,20.03114364020368,16.790696880175545,16.790696880175545,518.159936688167,overestimated,1-2
cifar100,10516,raspi4,infer.tiny,|skip_connect~0|+|avg_pool_3x3~0|nor_conv_3x3~1|+|none~0|avg_pool_3x3~1|none~2|,16,5,100,2,0,1,1,2,5.418384140066337,22.196987708071532,16.778603568005195,16.778603568005195,309.66065037610593,overestimated,1-2
cifar100,13896,pixel3,infer.tiny,|none~0|+|none~0|nor_conv_3x3~1|+|none~0|nor_conv_3x3~1|nor_conv_3x3~2|,16,5,100,0,0,3,0,3,1.13832,17.89182736117067,16.75350736117067,16.75350736117067,1471.7748402180994,overestimated,3-4
cifar100,3811,raspi4,infer.tiny,|nor_conv_3x3~0|+|nor_conv_3x3~0|nor_conv_1x1~1|+|skip_connect~0|nor_conv_1x1~1|none~2|,16,5,100,0,2,2,1,1,20.72508823999669,37.46188225544917,16.736794015452478,16.736794015452478,80.7562014773605,overestimated,1-2
cifar100,14554,raspi4,infer.tiny,|avg_pool_3x3~0|+|avg_pool_3x3~0|nor_conv_3x3~1|+|avg_pool_3x3~0|skip_connect~1|none~2|,16,5,100,3,0,1,1,1,8.793284139974276,25.490452582480422,16.697168442506147,16.697168442506147,189.88546459679162,overestimated,1-2
cifar10,15449,raspi4,infer.tiny,|avg_pool_3x3~0|+|nor_conv_3x3~0|skip_connect~1|+|skip_connect~0|nor_conv_3x3~1|none~2|,16,5,10,1,0,2,2,1,19.060929719998967,35.74346215615802,16.68253243615905,16.68253243615905,87.52213392117766,overestimated,1-2
cifar100,2399,raspi4,infer.tiny,|nor_conv_3x3~0|+|avg_pool_3x3~0|skip_connect~1|+|avg_pool_3x3~0|none~1|none~2|,16,5,100,2,0,1,1,2,5.514528259955114,22.196987708071532,16.68245944811642,16.68245944811642,302.5183417638739,overestimated,1-2
cifar10,7207,raspi4,infer.tiny,|skip_connect~0|+|skip_connect~0|nor_conv_3x3~1|+|skip_connect~0|nor_conv_1x1~1|none~2|,16,5,10,0,1,1,3,1,5.099722840022878,21.758083600097436,16.658360760074558,16.658360760074558,326.65227665587855,overestimated,1-2
cifar10,14339,raspi4,infer.tiny,|nor_conv_3x3~0|+|nor_conv_3x3~0|nor_conv_1x1~1|+|avg_pool_3x3~0|nor_conv_1x1~1|none~2|,16,5,10,1,2,2,0,1,24.053593979988364,40.70844106175567,16.654847081767308,16.654847081767308,69.2405762549392,overestimated,1-2
cifar100,9387,raspi4,infer.tiny,|nor_conv_1x1~0|+|nor_conv_1x1~0|nor_conv_3x3~1|+|nor_conv_3x3~0|nor_conv_3x3~1|none~2|,16,5,100,0,2,3,0,1,35.26634788024239,51.86978285514735,16.603434974904957,16.603434974904957,47.08010886550251,overestimated,3-4
cifar10,11464,raspi4,infer.tiny,|none~0|+|nor_conv_3x3~0|nor_conv_1x1~1|+|skip_connect~0|avg_pool_3x3~1|none~2|,16,5,10,1,1,1,1,2,5.871173020059359,22.473584754099413,16.602411734040054,16.602411734040054,282.77844439801913,overestimated,1-2
cifar10,6382,raspi4,infer.tiny,|nor_conv_3x3~0|+|nor_conv_1x1~0|nor_conv_3x3~1|+|skip_connect~0|nor_conv_1x1~1|none~2|,16,5,10,0,2,2,1,1,21.46116534000612,37.99683165398652,16.5356663139804,16.5356663139804,77.04924710288675,overestimated,1-2
cifar10,1936,raspi4,infer.tiny,|nor_conv_3x3~0|+|nor_conv_1x1~0|nor_conv_3x3~1|+|nor_conv_1x1~0|skip_connect~1|none~2|,16,5,10,0,2,2,1,1,21.4982795999822,37.99683165398652,16.498552054004318,16.498552054004318,76.74359232921121,overestimated,1-2
cifar10,13133,raspi4,infer.tiny,|nor_conv_1x1~0|+|nor_conv_3x3~0|avg_pool_3x3~1|+|nor_conv_3x3~0|none~1|none~2|,16,5,10,1,1,2,0,2,19.066072139976317,35.52967685597263,16.463604715996315,16.463604715996315,86.35026971012377,overestimated,1-2
cifar10,9036,raspi4,infer.tiny,|nor_conv_3x3~0|+|nor_conv_3x3~0|avg_pool_3x3~1|+|avg_pool_3x3~0|skip_connect~1|none~2|,16,5,10,2,0,2,1,1,21.829113660060106,38.28020960643006,16.451095946369957,16.451095946369957,75.36309628764222,overestimated,1-2
cifar10,4666,raspi4,infer.tiny,|nor_conv_1x1~0|+|nor_conv_3x3~0|nor_conv_1x1~1|+|nor_conv_1x1~0|nor_conv_3x3~1|none~2|,16,5,10,0,3,2,0,1,24.24007410008926,40.67330830799409,16.43323420790483,16.43323420790483,67.79366325387726,overestimated,1-2
cifar10,11016,raspi4,infer.tiny,|nor_conv_1x1~0|+|nor_conv_3x3~0|avg_pool_3x3~1|+|nor_conv_1x1~0|nor_conv_3x3~1|none~2|,16,5,10,1,2,2,0,1,24.313027739990503,40.70844106175567,16.39541332176517,16.39541332176517,67.43468356595382,overestimated,1-2
cifar10,1339,raspi4,infer.tiny,|nor_conv_3x3~0|+|avg_pool_3x3~0|nor_conv_1x1~1|+|nor_conv_3x3~0|none~1|none~2|,16,5,10,1,1,2,0,2,19.15590913995402,35.52967685597263,16.373767716018612,16.373767716018612,85.47632793824118,overestimated,1-2
cifar100,8837,raspi4,infer.tiny,|nor_conv_1x1~0|+|nor_conv_3x3~0|nor_conv_1x1~1|+|avg_pool_3x3~0|nor_conv_1x1~1|none~2|,16,5,100,1,3,1,0,1,10.923854260036023,27.278217491557122,16.3543632315211,16.3543632315211,149.7123894388826,overestimated,1-2
cifar100,978,raspi4,infer.tiny,|skip_connect~0|+|nor_conv_1x1~0|nor_conv_3x3~1|+|skip_connect~0|nor_conv_1x1~1|none~2|,16,5,100,0,2,1,2,1,7.247883039963199,23.579671445279217,16.33178840531602,16.33178840531602,225.3318426258565,overestimated,1-2
cifar100,12096,raspi4,infer.tiny,|avg_pool_3x3~0|+|avg_pool_3x3~0|nor_conv_3x3~1|+|none~0|nor_conv_1x1~1|none~2|,16,5,100,2,1,1,0,2,7.532295220007654,23.847337107392292,16.315041887384638,16.315041887384638,216.6012007076916,overestimated,1-2
cifar100,3503,raspi4,infer.tiny,|nor_conv_1x1~0|+|nor_conv_3x3~0|nor_conv_1x1~1|+|nor_conv_3x3~0|nor_conv_1x1~1|none~2|,16,5,100,0,3,2,0,1,23.9367809399846,40.22862076681082,16.29183982682622,16.29183982682622,68.06194979882162,overestimated,1-2
cifar100,4673,raspi4,infer.tiny,|nor_conv_1x1~0|+|avg_pool_3x3~0|nor_conv_3x3~1|+|none~0|nor_conv_1x1~1|none~2|,16,5,100,1,2,1,0,2,7.682473260065308,23.964999587858287,16.28252632779298,16.28252632779298,211.94380737297305,overestimated,1-2
cifar100,2358,raspi4,infer.tiny,|avg_pool_3x3~0|+|nor_conv_1x1~0|nor_conv_3x3~1|+|nor_conv_1x1~0|nor_conv_3x3~1|none~2|,16,5,100,1,2,2,0,1,24.075263679987984,40.3241194204992,16.248855740511218,16.248855740511218,67.49191184982828,overestimated,1-2
cifar10,9232,raspi4,infer.tiny,|nor_conv_1x1~0|+|nor_conv_1x1~0|nor_conv_3x3~1|+|nor_conv_3x3~0|skip_connect~1|none~2|,16,5,10,0,2,2,1,1,21.794335579907056,37.99683165398652,16.202496074079463,16.202496074079463,74.34269337862769,overestimated,1-2
cifar10,545,raspi4,infer.tiny,|skip_connect~0|+|nor_conv_3x3~0|skip_connect~1|+|none~0|none~1|none~2|,16,5,10,0,0,1,2,3,0.0118471599853364,16.204496063644417,16.19264890365908,16.19264890365908,136679.58332377742,overestimated,1-2
cifar10,10996,raspi4,infer.tiny,|nor_conv_3x3~0|+|skip_connect~0|skip_connect~1|+|none~0|none~1|none~2|,16,5,10,0,0,1,2,3,0.0122660600027302,16.204496063644417,16.192230003641686,16.192230003641686,132008.40367679266,overestimated,1-2
cifar10,10839,raspi4,infer.tiny,|avg_pool_3x3~0|+|nor_conv_3x3~0|nor_conv_1x1~1|+|nor_conv_1x1~0|nor_conv_3x3~1|none~2|,16,5,10,1,2,2,0,1,24.518980880020536,40.70844106175567,16.189460181735136,16.189460181735136,66.02827524094704,overestimated,1-2
cifar100,14300,raspi4,infer.tiny,|avg_pool_3x3~0|+|nor_conv_3x3~0|nor_conv_1x1~1|+|nor_conv_3x3~0|none~1|none~2|,16,5,100,1,1,2,0,2,19.06093861995032,35.20049254281497,16.13955392286465,16.13955392286465,84.67344785409479,overestimated,1-2
cifar10,5501,raspi4,infer.tiny,|skip_connect~0|+|skip_connect~0|nor_conv_3x3~1|+|skip_connect~0|avg_pool_3x3~1|none~2|,16,5,10,1,0,1,3,1,5.691080100004911,21.826419412920927,16.135339312916017,16.135339312916017,283.51980695021484,overestimated,1-2
cifar100,8584,raspi4,infer.tiny,|skip_connect~0|+|nor_conv_3x3~0|skip_connect~1|+|skip_connect~0|nor_conv_1x1~1|none~2|,16,5,100,0,1,1,3,1,5.180657780001639,21.28333754329573,16.10267976329409,16.10267976329409,310.82307396280083,overestimated,1-2
cifar10,824,raspi4,infer.tiny,|nor_conv_3x3~0|+|avg_pool_3x3~0|nor_conv_3x3~1|+|nor_conv_3x3~0|nor_conv_1x1~1|none~2|,16,5,10,1,1,3,0,1,35.975730740028666,52.03583539681945,16.060104656790784,16.060104656790784,44.64149671578843,overestimated,3-4
cifar10,15215,raspi4,infer.tiny,|skip_connect~0|+|nor_conv_3x3~0|skip_connect~1|+|nor_conv_3x3~0|skip_connect~1|none~2|,16,5,10,0,0,2,3,1,17.279812959968694,33.31137632675815,16.031563366789456,16.031563366789456,92.77625518244325,overestimated,1-2
cifar10,12906,raspi4,infer.tiny,|nor_conv_1x1~0|+|nor_conv_3x3~0|skip_connect~1|+|skip_connect~0|avg_pool_3x3~1|none~2|,16,5,10,1,1,1,2,1,7.868813800014323,23.89900996719072,16.0301961671764,16.0301961671764,203.71807714076576,overestimated,1-2
cifar100,10941,raspi4,infer.tiny,|nor_conv_3x3~0|+|nor_conv_1x1~0|nor_conv_3x3~1|+|skip_connect~0|skip_connect~1|none~2|,16,5,100,0,1,2,2,1,18.893980419961736,34.900056955441386,16.00607653547965,16.00607653547965,84.7152171205228,overestimated,1-2
cifar100,6607,raspi4,infer.tiny,|none~0|+|avg_pool_3x3~0|nor_conv_3x3~1|+|avg_pool_3x3~0|nor_conv_1x1~1|none~2|,16,5,100,2,1,1,0,2,7.864769480074756,23.847337107392292,15.982567627317536,15.982567627317536,203.2172420032026,overestimated,1-2
cifar100,3338,raspi4,infer.tiny,|nor_conv_1x1~0|+|avg_pool_3x3~0|nor_conv_3x3~1|+|avg_pool_3x3~0|none~1|none~2|,16,5,100,2,1,1,0,2,7.931978379929205,23.847337107392292,15.915358727463087,15.915358727463087,200.64803464082482,overestimated,1-2
cifar10,6184,raspi4,infer.tiny,|nor_conv_3x3~0|+|nor_conv_1x1~0|nor_conv_3x3~1|+|nor_conv_1x1~0|avg_pool_3x3~1|none~2|,16,5,10,1,2,2,0,1,24.81088100001216,40.70844106175567,15.897560061743512,15.897560061743512,64.07495187992608,overestimated,1-2
cifar10,14608,raspi4,infer.tiny,|none~0|+|nor_conv_3x3~0|nor_conv_1x1~1|+|skip_connect~0|nor_conv_3x3~1|none~2|,16,5,10,0,1,2,1,2,17.623395580012584,33.50299523449996,15.879599654487379,15.879599654487379,90.10522167758116,overestimated,1-2
cifar10,5035,raspi4,infer.tiny,|skip_connect~0|+|avg_pool_3x3~0|nor_conv_3x3~1|+|nor_conv_3x3~0|avg_pool_3x3~1|none~2|,16,5,10,2,0,2,1,1,22.403085400001142,38.28020960643006,15.87712420642892,15.87712420642892,70.8702570335607,overestimated,1-2
cifar10,10508,raspi4,infer.tiny,|none~0|+|skip_connect~0|skip_connect~1|+|none~0|nor_conv_3x3~1|none~2|,16,5,10,0,0,1,2,3,0.3832931599754374,16.204496063644417,15.82120290366898,15.82120290366898,4127.702906225316,overestimated,1-2
cifar10,3811,raspi4,infer.tiny,|nor_conv_3x3~0|+|nor_conv_3x3~0|nor_conv_1x1~1|+|skip_connect~0|nor_conv_1x1~1|none~2|,16,5,10,0,2,2,1,1,22.179413519988884,37.99683165398652,15.817418133997634,15.817418133997634,71.31576369114724,overestimated,1-2
cifar100,9408,raspi4,infer.tiny,|none~0|+|nor_conv_3x3~0|avg_pool_3x3~1|+|nor_conv_3x3~0|nor_conv_3x3~1|none~2|,16,5,100,1,0,3,0,2,30.239620539941825,45.97905117898887,15.739430639047043,15.739430639047043,52.04903486886586,overestimated,3-4
